{"fetchedAt":"2026-04-04T11:45:08.377Z","spacecraft":{"now":{"x":-145047660.8613327,"y":-37323230.29269238,"z":-18702.1639128644,"vx":6.681919045747868,"vy":-30.09607597262075,"vz":-0.09901740374465895},"ahead":{"x":-145043650.2675248,"y":-37341286.70924421,"z":-18761.48470005207,"vx":6.686725296867776,"vy":-30.0919817697198,"vz":-0.09871881117879333}},"earth":{"now":{"x":-144941781.2866004,"y":-37087387.80988351,"z":3424.749516773969},"ahead":{"x":-144937644.2451103,"y":-37104764.27625059,"z":3426.073612775654}},"moon":{"now":{"x":-145240392.5423418,"y":-37352968.48237693,"z":-28913.68410037458},"ahead":{"x":-145235875.3890682,"y":-37370795.37913103,"z":-28937.31476228125}}}