{"fetchedAt":"2026-04-04T16:14:55.494Z","spacecraft":{"now":{"x":-144938468.7013449,"y":-37809528.22548075,"z":-20242.44597343728,"vx":6.808346665164997,"vy":-29.99056056263633,"vz":-0.09145865368473771},"ahead":{"x":-144934382.3225461,"y":-37827521.44191763,"z":-20297.24250668846,"vx":6.812914708556873,"vy":-29.98682951636349,"vz":-0.0911966555544641}},"earth":{"now":{"x":-144829449.2404686,"y":-37555992.28258727,"z":3460.14218618907,"vx":6.985926591936231,"vy":-28.93760668557646,"vz":0.00216525624056807},"ahead":{"x":-144825256.655506,"y":-37573354.5824908,"z":3461.440865213051,"vx":6.989356599804815,"vy":-28.9367262612791,"vz":0.00216367369135817}},"moon":{"now":{"x":-145117576.6162885,"y":-37833511.99958929,"z":-29525.67682439275},"ahead":{"x":-145112986.402155,"y":-37851308.2296139,"z":-29547.33697329089}}}