{"fetchedAt":"2026-04-04T14:18:16.265Z","spacecraft":{"now":{"x":-144985932.4194913,"y":-37599469.81857799,"z":-19591.41231418774,"vx":6.754467201826201,"vy":-30.03498534059619,"vz":-0.09460616928245358},"ahead":{"x":-144981878.3397442,"y":-37617489.64631441,"z":-19648.09295144118,"vx":6.759130517095895,"vy":-30.03110930737762,"vz":-0.09432950942759}},"earth":{"now":{"x":-144878203.7040205,"y":-37353422.10272739,"z":3444.923115819693},"ahead":{"x":-144874035.1297894,"y":-37370790.54883333,"z":3446.232834450901}},"moon":{"now":{"x":-145170922.1275203,"y":-37625834.20478995,"z":-29267.58521953784},"ahead":{"x":-145166363.4129627,"y":-37643643.79781754,"z":-29290.10132279992}}}