{"fetchedAt":"2026-04-03T17:06:22.599Z","spacecraft":{"now":{"x":-145475992.8124381,"y":-35284429.5042387,"z":-10616.60371447913,"vx":6.03054988227286,"vy":-30.7199527724603,"vz":-0.1489702780449562},"ahead":{"x":-145472372.1823917,"y":-35302859.04250303,"z":-10705.77625976875,"vx":6.038206546692118,"vy":-30.71185482413209,"vz":-0.1482728792650327}},"earth":{"now":{"x":-145391600.8373198,"y":-35140126.11067811,"z":3270.865204505622},"ahead":{"x":-145387694.5922686,"y":-35157559.51325345,"z":3272.289721243083}},"moon":{"now":{"x":-145728341.9219134,"y":-35351764.21899167,"z":-25824.64218227938},"ahead":{"x":-145724135.2623798,"y":-35369708.83378801,"z":-25856.04862872884}}}